{
    "encryption": {
        "average_time": 0.0016105697199236602,
        "std_time": 0.0002144478294552784,
        "success_rate": 1.0,
        "failure_rate": 0.0,
        "auth_failure_rate": 0.0,
        "average_overhead": 125.0,
        "average_memory": 3517.354,
        "peak_memory": 3586,
        "total_operations": 60555,
        "total_bytes_processed": 207189754
    },
    "decryption": {
        "average_time": 0.0009334173211006119,
        "std_time": 8.35271020324608e-05,
        "success_rate": 1.0,
        "failure_rate": 0.0,
        "auth_failure_rate": 0.0,
        "average_overhead": 0.0,
        "average_memory": 6442.279411764706,
        "peak_memory": 9312,
        "total_operations": 170,
        "total_bytes_processed": 580475
    },
    "key_operations": {
        "average_time": 7.565334400307675e-05
    },
    "component_sizes": {
        "public_key": 65,
        "nonce": 12,
        "tag": 16,
        "salt": 32
    }
}