{
    "encryption": {
        "average_time": 0.0026717147012241186,
        "std_time": 0.00029993808619955295,
        "success_rate": 1.0,
        "failure_rate": 0.0,
        "auth_failure_rate": 0.0,
        "average_overhead": 125.0,
        "average_memory": 3517.014,
        "peak_memory": 3586,
        "total_operations": 80846,
        "total_bytes_processed": 276618279
    },
    "decryption": {
        "average_time": 0.001516790543217212,
        "std_time": 0.00022319549657131175,
        "success_rate": 1.0,
        "failure_rate": 0.0,
        "auth_failure_rate": 0.0,
        "average_overhead": 0.0,
        "average_memory": 6445.91,
        "peak_memory": 9312,
        "total_operations": 37148,
        "total_bytes_processed": 127103561
    },
    "key_operations": {
        "average_time": 9.673878833213645e-05
    },
    "component_sizes": {
        "public_key": 65,
        "nonce": 12,
        "tag": 16,
        "salt": 32
    }
}