{
    "encryption": {
        "average_time": 0.001575737110339105,
        "std_time": 0.00020523930107769976,
        "success_rate": 1.0,
        "failure_rate": 0.0,
        "auth_failure_rate": 0.0,
        "average_overhead": 125.0,
        "average_memory": 3516.03,
        "peak_memory": 3584,
        "total_operations": 9338,
        "total_bytes_processed": 31941420
    },
    "decryption": {
        "average_time": 0.0009233915041406434,
        "std_time": 6.669560159950059e-05,
        "success_rate": 1.0,
        "failure_rate": 0.0,
        "auth_failure_rate": 0.0,
        "average_overhead": 0.0,
        "average_memory": 6442.668831168831,
        "peak_memory": 9312,
        "total_operations": 77,
        "total_bytes_processed": 262981
    },
    "key_operations": {
        "average_time": 7.433910825378408e-05
    },
    "component_sizes": {
        "public_key": 65,
        "nonce": 12,
        "tag": 16,
        "salt": 32
    }
}