{
    "encryption": {
        "average_time": 0.001530598225304857,
        "std_time": 0.00020025882345307383,
        "success_rate": 1.0,
        "failure_rate": 0.0,
        "auth_failure_rate": 0.0,
        "average_overhead": 125.0,
        "average_memory": 3516.3,
        "peak_memory": 3584,
        "total_operations": 3073,
        "total_bytes_processed": 10511049
    },
    "decryption": {
        "average_time": 0.0009036161368154848,
        "std_time": 9.739961778623738e-05,
        "success_rate": 1.0,
        "failure_rate": 0.0,
        "auth_failure_rate": 0.0,
        "average_overhead": 0.0,
        "average_memory": 6444.647465437788,
        "peak_memory": 9312,
        "total_operations": 217,
        "total_bytes_processed": 741987
    },
    "key_operations": {
        "average_time": 7.386656972007734e-05
    },
    "component_sizes": {
        "public_key": 65,
        "nonce": 12,
        "tag": 16,
        "salt": 32
    }
}