{
    "encryption": {
        "average_time": 0.0014803978611871865,
        "std_time": 0.00018662262986099035,
        "success_rate": 1.0,
        "failure_rate": 0.0,
        "auth_failure_rate": 0.0,
        "average_overhead": 125.0,
        "average_memory": 3515.484,
        "peak_memory": 3585,
        "total_operations": 618,
        "total_bytes_processed": 2113327
    },
    "decryption": {
        "average_time": 0.0009100901987971511,
        "std_time": 4.330207276579927e-05,
        "success_rate": 1.0,
        "failure_rate": 0.0,
        "auth_failure_rate": 0.0,
        "average_overhead": 0.0,
        "average_memory": 6444.121951219512,
        "peak_memory": 9312,
        "total_operations": 82,
        "total_bytes_processed": 280296
    },
    "key_operations": {
        "average_time": 7.709264575893035e-05
    },
    "component_sizes": {
        "public_key": 65,
        "nonce": 12,
        "tag": 16,
        "salt": 32
    }
}