{
    "encryption": {
        "average_time": 0.0026454721055924895,
        "std_time": 0.00026952486117073367,
        "success_rate": 1.0,
        "failure_rate": 0.0,
        "auth_failure_rate": 0.0,
        "average_overhead": 125.0,
        "average_memory": 3516.968,
        "peak_memory": 3585,
        "total_operations": 11294,
        "total_bytes_processed": 38633952
    },
    "decryption": {
        "average_time": 0.001462339538615197,
        "std_time": 0.00023002161434250283,
        "success_rate": 1.0,
        "failure_rate": 0.0,
        "auth_failure_rate": 0.0,
        "average_overhead": 0.0,
        "average_memory": 6445.842,
        "peak_memory": 9312,
        "total_operations": 5172,
        "total_bytes_processed": 17692106
    },
    "key_operations": {
        "average_time": 9.732729731984004e-05
    },
    "component_sizes": {
        "public_key": 65,
        "nonce": 12,
        "tag": 16,
        "salt": 32
    }
}