{
    "encryption": {
        "average_time": 0.001546387069381809,
        "std_time": 0.00023515651547393877,
        "success_rate": 1.0,
        "failure_rate": 0.0,
        "auth_failure_rate": 0.0,
        "average_overhead": 125.0,
        "average_memory": 3515.136,
        "peak_memory": 3583,
        "total_operations": 627,
        "total_bytes_processed": 2143900
    },
    "decryption": {
        "average_time": 0.0009219013994223759,
        "std_time": 3.987745530779052e-05,
        "success_rate": 1.0,
        "failure_rate": 0.0,
        "auth_failure_rate": 0.0,
        "average_overhead": 0.0,
        "average_memory": 6443.737704918033,
        "peak_memory": 9312,
        "total_operations": 61,
        "total_bytes_processed": 208466
    },
    "key_operations": {
        "average_time": 7.6636960270378e-05
    },
    "component_sizes": {
        "public_key": 65,
        "nonce": 12,
        "tag": 16,
        "salt": 32
    }
}