{
    "encryption": {
        "average_time": 0.001639445528271608,
        "std_time": 0.00027231796111659446,
        "success_rate": 1.0,
        "failure_rate": 0.0,
        "auth_failure_rate": 0.0,
        "average_overhead": 125.0,
        "average_memory": 3516.996,
        "peak_memory": 3585,
        "total_operations": 14745,
        "total_bytes_processed": 50442827
    },
    "decryption": {
        "average_time": 0.0009114534721799916,
        "std_time": 9.837485760163243e-05,
        "success_rate": 1.0,
        "failure_rate": 0.0,
        "auth_failure_rate": 0.0,
        "average_overhead": 0.0,
        "average_memory": 6443.080645161291,
        "peak_memory": 9312,
        "total_operations": 62,
        "total_bytes_processed": 211802
    },
    "key_operations": {
        "average_time": 7.569490139819691e-05
    },
    "component_sizes": {
        "public_key": 65,
        "nonce": 12,
        "tag": 16,
        "salt": 32
    }
}